name,lat,lon,rating,user_ratings_total,type_list,type_main,address,categoria,place_id,distance_km
Posada Terra Santa,39.56989000000001,2.653394999999999,4.8,358.0,"['bar', 'lodging', 'spa', 'restaurant', 'food', 'point_of_interest', 'establishment']",Restaurant,"Carrer de la Posada de Terra Santa, 5, Palma",Comida,PLACE_0,0.2927822018706764
Hotel Hostal Cuba,39.5702062,2.6391515,4.1,2620.0,"['bar', 'lodging', 'restaurant', 'food', 'point_of_interest', 'establishment']",Restaurant,"Carrer de Sant Magí, 1, Palma",Comida,PLACE_1,0.9323124264706956
Naturalment,39.57065789999999,2.6511136,1.0,1.0,"['meal_takeaway', 'restaurant', 'food', 'point_of_interest', 'store', 'establishment']",Restaurant,"Carrer de Colom, 15, Palma",Comida,PLACE_2,0.1514875766030515
Hotel Cappuccino - Palma,39.56971739999999,2.6502664,4.4,1438.0,"['movie_theater', 'bar', 'lodging', 'spa', 'restaurant', 'food', 'point_of_interest', 'establishment']",Restaurant,"Plaça de Cort, Palma",Comida,PLACE_3,0.0263025437702569
Can Alomar Urban Luxury Retreat,39.56991110000001,2.646119399999999,4.8,316.0,"['lodging', 'restaurant', 'food', 'point_of_interest', 'establishment']",Restaurant,"Carrer de Sant Feliu, 1, Palma",Comida,PLACE_4,0.3344179209139895
Restaurant El Pilón,39.57106030000001,2.6463035,4.5,1596.0,"['restaurant', 'food', 'point_of_interest', 'establishment']",Restaurant,"Carrer de Can Cifré, 4, Palma",Comida,PLACE_5,0.3560266664444035
Marc Fosh Restaurant,39.57336189999999,2.651386999999999,4.6,1062.0,"['restaurant', 'food', 'point_of_interest', 'establishment']",Restaurant,"Carrer de la Missió, 7, Palma",Comida,PLACE_6,0.4348696369142949
Bar Marítim Nou,39.5694524,2.6371001,3.7,979.0,"['restaurant', 'bar', 'cafe', 'food', 'point_of_interest', 'store', 'establishment']",Restaurant,"Passeig Marítim, 1, Palma",Comida,PLACE_7,1.105834783350896
Restaurant Toque,39.5670876,2.6282216,4.7,1140.0,"['restaurant', 'food', 'point_of_interest', 'establishment']",Restaurant,"Carrer Federico García Lorca, 6, Palma",Comida,PLACE_8,1.8875522919246013
Restaurante Bahía Mediterráneo,39.5624246,2.6267059,4.2,644.0,"['restaurant', 'food', 'point_of_interest', 'establishment']",Restaurant,"Avinguda de Gabriel Roca, 33, Palma",Comida,PLACE_9,2.1502580824076363
La Baranda,39.5702836,2.638255899999999,4.3,361.0,"['restaurant', 'food', 'point_of_interest', 'establishment']",Restaurant,"Carrer de Sant Magí, 29, Palma",Comida,PLACE_10,1.0095035745285246
La Paloma,39.5690898,2.6452358,4.3,1369.0,"['restaurant', 'food', 'point_of_interest', 'establishment']",Restaurant,"Carrer dels Apuntadors, 16, Palma",Comida,PLACE_11,0.4122856229836075
La Bodeguilla,39.5717805,2.6471513,4.5,2332.0,"['restaurant', 'liquor_store', 'food', 'point_of_interest', 'store', 'establishment']",Restaurant,"Carrer de Sant Jaume, 3, Palma",Comida,PLACE_12,0.3441031474622223
Restaurante Gotic,39.5681671,2.6448366,3.0,329.0,"['restaurant', 'food', 'point_of_interest', 'establishment']",Restaurant,"Plaça de la Llotja, 2, Palma",Comida,PLACE_13,0.4703904430235054
Restaurante Arume,39.57721220000001,2.6522209,4.6,836.0,"['restaurant', 'food', 'point_of_interest', 'establishment']",Restaurant,"Carrer de Sant Miquel, 83, Palma",Comida,PLACE_14,0.867578100600888
La Madeleine de Proust Santa Catalina,39.571281,2.638807,4.0,281.0,"['bakery', 'cafe', 'restaurant', 'food', 'point_of_interest', 'store', 'establishment']",Restaurant,"Carrer d'Anníbal, 17, Palma",Comida,PLACE_15,0.977432747879276
Bar Cafe Coto,39.569472,2.643938,4.5,2751.0,"['cafe', 'restaurant', 'food', 'point_of_interest', 'establishment']",Restaurant,"Plaça de la Drassana, 12, Palma",Comida,PLACE_16,0.5197982405613812
Duke Restaurant,39.5718918,2.6380522,4.7,1324.0,"['restaurant', 'food', 'point_of_interest', 'establishment']",Restaurant,"Carrer Soler, 36, Palma",Comida,PLACE_17,1.0553167800820502
Restaurante Asador BOLIXE Cocina Esencial,39.578844,2.657012,4.7,1532.0,"['liquor_store', 'bar', 'restaurant', 'food', 'point_of_interest', 'store', 'establishment']",Restaurant,"Carrer d'Eusebi Estada, 33, Palma",Comida,PLACE_18,1.1906891224554197
"Telepizza Palma de Mallorca, La Riera - Comida a domicilio",39.5822245,2.6449134,3.0,412.0,"['meal_delivery', 'meal_takeaway', 'restaurant', 'food', 'point_of_interest', 'establishment']",Restaurant,"Carrer d'Anselm Turmeda, 7, Bajo 2, Palma",Comida,PLACE_19,1.4699176070072093
McDonald's,39.5712,2.64731,3.8,4870.0,"['restaurant', 'food', 'point_of_interest', 'establishment']",Restaurant,"Plaça del Rei Joan Carles I, 7, Palma",Comida,PLACE_20,0.2912304598278054
Quina Creu Tapas Pintxos Restaurant,39.5703813,2.6526939,4.3,1373.0,"['bar', 'restaurant', 'food', 'point_of_interest', 'establishment']",Restaurant,"Carrer de la Corderia, 24, Palma",Comida,PLACE_21,0.2467082865834156
Restaurante Caballito de Mar,39.5679802,2.6446749,4.1,806.0,"['restaurant', 'food', 'point_of_interest', 'establishment']",Restaurant,"Passeig de Sagrera, 5, Bajo, Palma",Comida,PLACE_22,0.4906963590616845
Brondo Architect Hotel,39.5710872,2.647932299999999,3.9,526.0,"['lodging', 'restaurant', 'food', 'point_of_interest', 'establishment']",Restaurant,"Carrer de Can Brondo, 4, Palma",Comida,PLACE_23,0.2423996477834719
ICON Rosetó,39.57207599999999,2.6494958,4.6,493.0,"['lodging', 'restaurant', 'food', 'point_of_interest', 'establishment']",Restaurant,"Carrer de Can Campaner, 6, Palma",Comida,PLACE_24,0.2786898418590786
Restaurante Diablito Portixol - Comida y Música,39.5617721,2.6653728,3.9,949.0,"['bar', 'restaurant', 'food', 'point_of_interest', 'establishment']",Restaurant,"Passeig Portitxol, 5, Palma",Comida,PLACE_25,1.5792724292775662
Hard Rock Cafe Mallorca,39.569341,2.634965,4.2,9383.0,"['restaurant', 'food', 'point_of_interest', 'establishment']",Restaurant,"Balearic Islands, Passeig Marítim, S/N, Palma",Comida,PLACE_26,1.2890455482102774
Block House Palma,39.5731631,2.6428957,4.2,1664.0,"['restaurant', 'food', 'point_of_interest', 'establishment']",Restaurant,"Passeig de Mallorca, 16, Palma",Comida,PLACE_27,0.7264752703148768
Ca'n Manolo Palma,39.5671516,2.6283033,4.6,1156.0,"['restaurant', 'food', 'point_of_interest', 'establishment']",Restaurant,"Carrer Federico García Lorca, 4, Palma",Comida,PLACE_28,1.879581858348493
Restaurante Gran Muralla,39.58435239999999,2.6487725,3.6,63.0,"['restaurant', 'food', 'point_of_interest', 'establishment']",Restaurant,"Plaça de París, 6, Palma",Comida,PLACE_29,1.6437621006253564
Santa Clara Urban Hotel & Spa,39.5668394,2.6522388,4.5,232.0,"['bar', 'lodging', 'cafe', 'spa', 'food', 'point_of_interest', 'store', 'establishment']",Cafe,"Carrer de Sant Alonso, 16, Palma",Comida,PLACE_30,0.3620134271647586
Cafè Plaça,39.5687386,2.6507942,3.8,1196.0,"['cafe', 'food', 'point_of_interest', 'store', 'establishment']",Cafe,"Plaça de Santa Eulàlia, 6, Palma",Comida,PLACE_31,0.1175102525906382
Bar Marítim Nou,39.5694524,2.6371001,3.7,979.0,"['restaurant', 'bar', 'cafe', 'food', 'point_of_interest', 'store', 'establishment']",Cafe,"Passeig Marítim, 1, Palma",Comida,PLACE_32,1.105834783350896
La Madeleine de Proust Santa Catalina,39.571281,2.638807,4.0,281.0,"['bakery', 'cafe', 'restaurant', 'food', 'point_of_interest', 'store', 'establishment']",Cafe,"Carrer d'Anníbal, 17, Palma",Comida,PLACE_33,0.977432747879276
Bar Cafe Coto,39.569472,2.643938,4.5,2751.0,"['cafe', 'restaurant', 'food', 'point_of_interest', 'establishment']",Cafe,"Plaça de la Drassana, 12, Palma",Comida,PLACE_34,0.5197982405613812
Can Joan de s'Aigo,39.5728493,2.6439216,4.5,4551.0,"['cafe', 'food', 'point_of_interest', 'store', 'establishment']",Cafe,"Carrer del Baró de Santa Maria del Sepulcre, 5, Palma",Comida,PLACE_35,0.6340181505137424
miniBAR Palma - Cafe y Jamón Ibérico al Corte,39.5781561,2.6489844,4.6,279.0,"['cafe', 'restaurant', 'food', 'point_of_interest', 'store', 'establishment']",Cafe,"Carrer de Pere Dezcallar i Net, 13, Palma",Comida,PLACE_36,0.9553687130290986
LUXOR CAFE PALMA,39.5702736,2.6596262,4.6,155.0,"['bar', 'cafe', 'food', 'point_of_interest', 'establishment']",Cafe,"Carrer dels Foners, 24, Palma",Comida,PLACE_37,0.8284960824583196
Café Al Vent del Món,39.5785388,2.66172,4.2,540.0,"['cafe', 'bar', 'food', 'point_of_interest', 'store', 'establishment']",Cafe,"Carrer del Marquès de la Fontsanta, 82, Palma",Comida,PLACE_38,1.4131453546444306
Café & Té,39.5753474,2.6526156,3.0,5.0,"['cafe', 'food', 'point_of_interest', 'store', 'establishment']",Cafe,"Plaça de la Porta Pintada, 2, Palma",Comida,PLACE_39,0.6772628083553609
Forn del Santo Cristo,39.5740302,2.652053,4.1,779.0,"['bakery', 'cafe', 'food', 'point_of_interest', 'store', 'establishment']",Cafe,"Carrer de Sant Miquel, 47, Palma",Comida,PLACE_40,0.523100943622631
Bar Plata,39.5699514,2.6512303,4.7,184.0,"['bar', 'cafe', 'restaurant', 'food', 'point_of_interest', 'store', 'establishment']",Cafe,"Carrer de l'Argenteria, 1, Palma",Comida,PLACE_41,0.112460846628
Punt de Joc (Metropolitan),39.5734572,2.666320799999999,3.9,141.0,"['bar', 'cafe', 'food', 'point_of_interest', 'store', 'establishment']",Cafe,"Carrer Gabriel Llabrés, 24, Palma",Comida,PLACE_42,1.4631684695213003
Cafè Barroco,39.5755088,2.657055999999999,4.5,561.0,"['bar', 'cafe', 'restaurant', 'food', 'point_of_interest', 'store', 'establishment']",Cafe,"Carrer de Margalida Caimari, 17, Palma",Comida,PLACE_43,0.8929963353539959
Pastisseria Mariola’s,39.5702143,2.651163,4.4,783.0,"['bakery', 'cafe', 'restaurant', 'food', 'point_of_interest', 'store', 'establishment']",Cafe,"Carrer dels Set Cantons, 6, Palma",Comida,PLACE_44,0.1208433502295663
Rapha Mallorca,39.5694457,2.6483433,4.5,783.0,"['clothing_store', 'cafe', 'meal_takeaway', 'restaurant', 'food', 'point_of_interest', 'store', 'establishment']",Cafe,"Plaça del Rosari, 1, Palma",Comida,PLACE_45,0.143036548316592
Mistral Coffee Banc,39.5711087,2.650784,4.9,781.0,"['cafe', 'food', 'point_of_interest', 'store', 'establishment']",Cafe,"Carrer del Banc, 4, Palma",Comida,PLACE_46,0.1807183921090557
Ca'n Joan de s'Aigo,39.56993,2.6526434,4.6,7039.0,"['cafe', 'food', 'point_of_interest', 'store', 'establishment']",Cafe,"Carrer de Can Sanç, 10, Palma",Comida,PLACE_47,0.229529947241096
Es Badulake,39.56999399999999,2.6472243,4.9,166.0,"['cafe', 'restaurant', 'food', 'point_of_interest', 'establishment']",Cafe,"Carrer de les Minyones, 2, Palma",Comida,PLACE_48,0.2419178690387201
Arabay Flagship Store Palma,39.5710613,2.6525526,4.4,1060.0,"['cafe', 'food', 'point_of_interest', 'store', 'establishment']",Cafe,"Carrer del Sindicat, 5, Palma",Comida,PLACE_49,0.2725310638718718
Al Punt - Restaurant Palma,39.5734478,2.6492477,4.2,629.0,"['cafe', 'meal_takeaway', 'bar', 'store', 'restaurant', 'food', 'point_of_interest', 'establishment']",Cafe,"Carrer de Santa Magdalena, 1, Palma",Comida,PLACE_50,0.4326875000188872
MELL34 Cafetería / Panadería,39.5682452,2.656048,4.8,212.0,"['cafe', 'bar', 'store', 'food', 'point_of_interest', 'establishment']",Cafe,"Carrer de Mateu Enric Lladó, 34B, LOCAL C, Palma",Comida,PLACE_51,0.5398529962285615
Cafè Can Martí,39.5709156,2.6438803,4.2,489.0,"['cafe', 'store', 'restaurant', 'food', 'point_of_interest', 'establishment']",Cafe,"Carrer de Can Sales, 7, Palma",Comida,PLACE_52,0.5445605660426445
Cafè Canamunt,39.573017,2.654934,4.8,273.0,"['cafe', 'bar', 'store', 'restaurant', 'food', 'point_of_interest', 'establishment']",Cafe,"Carrer de la Volta de la Mercè, 9, Palma",Comida,PLACE_53,0.56851911175963
Glop´s,39.5732943,2.6452375,4.4,438.0,"['cafe', 'bar', 'store', 'restaurant', 'food', 'point_of_interest', 'establishment']",Cafe,"Carrer de Bonaire, 10, Palma",Comida,PLACE_54,0.5791184358060165
Fibonacci Bonaire,39.5734473,2.6452429,3.7,73.0,"['cafe', 'store', 'food', 'point_of_interest', 'establishment']",Cafe,"Carrer de Bonaire, 10, Palma",Comida,PLACE_55,0.5909880542253203
Lluís Perez Pastisser,39.5736741,2.6453147,4.6,578.0,"['cafe', 'bakery', 'store', 'food', 'point_of_interest', 'establishment']",Cafe,"Carrer de Bonaire, 14, Palma",Comida,PLACE_56,0.6053916144120157
La Molienda Bisbe,39.575,2.6458333,4.3,1798.0,"['cafe', 'store', 'restaurant', 'food', 'point_of_interest', 'establishment']",Cafe,"Carrer del Bisbe Campins, 11, Palma",Comida,PLACE_57,0.6986328518536125
1962 Café & Gastrobar,39.5718967,2.6422656,4.3,298.0,"['bar', 'cafe', 'store', 'food', 'point_of_interest', 'establishment']",Cafe,"Passeig de Mallorca, 6, Palma",Comida,PLACE_58,0.7104299729353999
"Sport bar Cafetería, Apuestas Deportivas, Local de Juego - Punt de Joc (Es Jardí)",39.569819,2.658752,4.1,347.0,"['cafe', 'bar', 'store', 'food', 'point_of_interest', 'establishment']",Cafe,"Carrer General Ricardo Ortega, 12, Palma",Comida,PLACE_59,0.7505695181012683
La Madeleine de Proust Santa Catalina,39.571281,2.638807,4.0,281.0,"['bakery', 'cafe', 'store', 'restaurant', 'food', 'point_of_interest', 'establishment']",Bakery,"Carrer d'Anníbal, 17, Palma",Comida,PLACE_60,0.977432747879276
Tartas Can Pinyol,39.5833756,2.6373252,4.0,90.0,"['bakery', 'store', 'food', 'point_of_interest', 'establishment']",Bakery,"Carrer de Francesc Martí i Móra, 58, Palma",Comida,PLACE_61,1.8778734057909068
Panadería San Rafael S L,39.573553,2.6721756,4.4,69.0,"['bakery', 'store', 'food', 'point_of_interest', 'establishment']",Bakery,"Carrer Sant Rafael, 39, Palma",Comida,PLACE_62,1.950884780354874
Pastisseria Ca Na Cati,39.57854179999999,2.6638152,4.0,1455.0,"['bakery', 'store', 'food', 'point_of_interest', 'establishment']",Bakery,"Carrer Josep Darder, 5, Palma",Comida,PLACE_63,1.5461784430646222
Panaderia S'Estació,39.5721055,2.6553879,4.5,1959.0,"['bakery', 'store', 'food', 'point_of_interest', 'establishment']",Bakery,"Carrer del Sindicat, 66, Palma",Comida,PLACE_64,0.5393419104655702
Pastisseria Real,39.5752956,2.669221,4.7,249.0,"['bakery', 'store', 'food', 'point_of_interest', 'establishment']",Bakery,"Carrer Reis Catòlics, 79, Palma",Comida,PLACE_65,1.7649948371022035
Dulceliaco,39.5730374,2.6323965,4.7,92.0,"['bakery', 'store', 'food', 'point_of_interest', 'establishment']",Bakery,"Carrer d'Avinyó, 13, Palma",Comida,PLACE_66,1.5565019840204843
Pastelería Bomboneria Cladera,39.57187009999999,2.654264099999999,1.0,1.0,"['bakery', 'store', 'food', 'point_of_interest', 'establishment']",Bakery,"Plaça de l'Olivar, 7, Palma",Comida,PLACE_67,0.4441855992584455
Forn del Santo Cristo,39.5740302,2.652053,4.1,779.0,"['cafe', 'bakery', 'store', 'food', 'point_of_interest', 'establishment']",Bakery,"Carrer de Sant Miquel, 47, Palma",Comida,PLACE_68,0.523100943622631
"Panadería Fornaris, S.L.",39.5697164,2.6671736,4.2,36.0,"['bakery', 'store', 'food', 'point_of_interest', 'establishment']",Bakery,"Calle Sargento Cortés Piña, 2, Palma",Comida,PLACE_69,1.4720866324352522
Forn Nou,39.58154099999999,2.6482785,4.3,72.0,"['bakery', 'store', 'food', 'point_of_interest', 'establishment']",Bakery,"Carrer de Sant Joaquim, 8, Palma",Comida,PLACE_70,1.3359512196859769
Pastisseria Cort,39.56949609999999,2.649866,3.6,530.0,"['bakery', 'store', 'food', 'point_of_interest', 'establishment']",Bakery,"Plaça de Cort, n2, Palma",Comida,PLACE_71,0.0162910596895263
Pastisseria Mariola’s,39.5702143,2.651163,4.4,783.0,"['cafe', 'bakery', 'store', 'restaurant', 'food', 'point_of_interest', 'establishment']",Bakery,"Carrer dels Set Cantons, 6, Palma",Comida,PLACE_72,0.1208433502295663
Forn del Santo Cristo,39.570866,2.651259699999999,4.1,977.0,"['bakery', 'store', 'food', 'point_of_interest', 'establishment']",Bakery,"Plaça del Marquès del Palmer, 2, Palma",Comida,PLACE_73,0.1774128991082079
PaneNostro,39.571424,2.6548109,4.6,163.0,"['bakery', 'grocery_or_supermarket', 'store', 'food', 'point_of_interest', 'establishment']",Bakery,"Plaça Nova de la Ferreria, 6, Palma",Comida,PLACE_74,0.4595392201489557
La Hogaza,39.570548,2.655937999999999,4.6,205.0,"['bakery', 'store', 'food', 'point_of_interest', 'establishment']",Bakery,"Carrer del Socors, 50, Palma",Comida,PLACE_75,0.5197721467099307
Lluís Perez Pastisser,39.5736741,2.6453147,4.6,578.0,"['cafe', 'bakery', 'store', 'food', 'point_of_interest', 'establishment']",Bakery,"Carrer de Bonaire, 14, Palma",Comida,PLACE_76,0.6053916144120157
Mise en Place,39.5674151,2.6596871,4.1,280.0,"['cafe', 'bakery', 'store', 'restaurant', 'food', 'point_of_interest', 'establishment']",Bakery,"Carrer Miquel Santandreu, 16, Palma",Comida,PLACE_77,0.8651531507054852
Rosevelvet,39.5775423,2.6503454,4.4,1136.0,"['cafe', 'bakery', 'store', 'food', 'point_of_interest', 'establishment']",Bakery,"Carrer de Font i Monteros, 22, Palma",Comida,PLACE_78,0.8836395129855336
MDQ,39.5784368,2.646229,3.6,706.0,"['bakery', 'store', 'food', 'point_of_interest', 'establishment']",Bakery,"Carrer Carles I, 8, Palma",Comida,PLACE_79,1.0343991998173447
Gelats Paco Blanquerna,39.5788972,2.6507891,4.2,536.0,"['bakery', 'food', 'point_of_interest', 'store', 'establishment']",Bakery,"Carrer de Blanquerna, 10, Palma",Comida,PLACE_80,1.036011439863182
Forn Ca sa Camena,39.5716709,2.6378841,4.5,107.0,"['bakery', 'food', 'point_of_interest', 'store', 'establishment']",Bakery,"Carrer d'Anníbal, 22, Palma",Comida,PLACE_81,1.0637197509104612
thomas bakeshop boutique,39.57170199999999,2.637629,4.7,173.0,"['bakery', 'food', 'point_of_interest', 'store', 'establishment']",Bakery,"Carrer d'Anníbal, 24, Palma",Comida,PLACE_82,1.0858160030740172
Squarcia La Exquisiteria,39.579831,2.653082,3.9,57.0,"['bakery', 'food', 'point_of_interest', 'store', 'establishment']",Bakery,"Carrer de Julià Alvarez, 9, bajos, Palma",Comida,PLACE_83,1.1679002857374583
Forn de pa i pastisseria Mestre,39.5754955,2.638640699999999,4.3,22.0,"['bakery', 'food', 'point_of_interest', 'store', 'establishment']",Bakery,"Carrer de Desbach, 4, Palma",Comida,PLACE_84,1.173745243945204
Tudurí Pastisseria i Cafè,39.58113539999999,2.6492145,4.2,1705.0,"['bakery', 'bar', 'cafe', 'food', 'point_of_interest', 'store', 'establishment']",Bakery,"07003, Carrer de Blanquerna, 42, Palma",Comida,PLACE_85,1.2844435266363092
Angelo Paletta Panaderia y Pasteleria Mallorca,39.5817142,2.6536548,4.4,305.0,"['bakery', 'food', 'point_of_interest', 'store', 'establishment']",Bakery,"Carrer de Rosselló i Cazador, 17, Palma",Comida,PLACE_86,1.3829791660906177
Forn La Mallorquina,39.5739425,2.6339961,4.3,24.0,"['bakery', 'food', 'point_of_interest', 'store', 'establishment']",Bakery,"Carrer de Joan Crespí, 18, Palma",Comida,PLACE_87,1.454233070037583
Panadería Pastelería San Bartolomé,39.5824279,2.637651,4.5,192.0,"['bakery', 'grocery_or_supermarket', 'restaurant', 'food', 'point_of_interest', 'store', 'establishment']",Bakery,"Carrer de Francesc Martí i Móra, 35, Palma",Comida,PLACE_88,1.7761775200479204
Tartasmallorca,39.58765930000001,2.6479034,,,"['bakery', 'food', 'point_of_interest', 'store', 'establishment']",Bakery,"Carrer de Cotlliure, 1, Palma",Comida,PLACE_89,2.016125720201744
Naturalment,39.57065789999999,2.6511136,1.0,1.0,"['meal_takeaway', 'restaurant', 'food', 'point_of_interest', 'store', 'establishment']",Meal takeaway,"Carrer de Colom, 15, Palma",Comida,PLACE_90,0.1514875766030515
"Telepizza Palma de Mallorca, La Riera - Comida a domicilio",39.5822245,2.6449134,3.0,412.0,"['meal_delivery', 'meal_takeaway', 'restaurant', 'food', 'point_of_interest', 'establishment']",Meal takeaway,"Carrer d'Anselm Turmeda, 7, Bajo 2, Palma",Comida,PLACE_91,1.4699176070072093
Palma Pollo I Restaurante,39.5766642,2.6420779,4.2,493.0,"['meal_takeaway', 'restaurant', 'food', 'point_of_interest', 'establishment']",Meal takeaway,"Carrer Rafael Rodríguez Méndez, 7, Palma",Comida,PLACE_92,1.0382990028875585
Chino Hola,39.5815243,2.651365999999999,3.4,159.0,"['restaurant', 'meal_delivery', 'meal_takeaway', 'food', 'point_of_interest', 'establishment']",Meal takeaway,"Carrer del Pare Bartomeu Pou, 12, Palma",Comida,PLACE_93,1.3310804318733451
"La Mafia de la Pizza Nostra, Pizzeria a Domicilio en Palma",39.58476299999999,2.657361,4.3,293.0,"['meal_delivery', 'meal_takeaway', 'restaurant', 'food', 'point_of_interest', 'establishment']",Meal takeaway,"Carrer de l'Arxiduc Lluís Salvador, 89, Palma",Comida,PLACE_94,1.800212857485253
"Galactic Club - Palma, Illes Balears",39.57313569999999,2.6398339,4.7,254.0,"['meal_takeaway', 'restaurant', 'food', 'point_of_interest', 'establishment']",Meal takeaway,"Carrer de Murillo, 9, Palma",Comida,PLACE_95,0.9559504004361952
Pasta Cuore S.L.,39.56999799999999,2.6507456,,,"['meal_takeaway', 'restaurant', 'food', 'point_of_interest', 'store', 'establishment']",Meal takeaway,"Carrer de Colom, 8, Palma",Comida,PLACE_96,0.0777359859033873
Rapha Mallorca,39.5694457,2.6483433,4.5,783.0,"['clothing_store', 'cafe', 'meal_takeaway', 'restaurant', 'food', 'point_of_interest', 'store', 'establishment']",Meal takeaway,"Plaça del Rosari, 1, Palma",Comida,PLACE_97,0.143036548316592
Al Punt - Restaurant Palma,39.5734478,2.6492477,4.2,629.0,"['bar', 'cafe', 'meal_takeaway', 'restaurant', 'food', 'point_of_interest', 'store', 'establishment']",Meal takeaway,"Carrer de Santa Magdalena, 1, Palma",Comida,PLACE_98,0.4326875000188872
La Fornarina,39.57461079999999,2.6534785,3.5,196.0,"['meal_takeaway', 'restaurant', 'food', 'point_of_interest', 'establishment']",Meal takeaway,"Carrer dels Caputxins, 4, Palma",Comida,PLACE_99,0.6319310225300034
Llaollao Olmos,39.575163,2.651626,4.2,438.0,"['meal_delivery', 'meal_takeaway', 'restaurant', 'food', 'point_of_interest', 'store', 'establishment']",Meal takeaway,"Carrer dels Oms, 7, Palma",Comida,PLACE_100,0.6340828193794714
Domino's Pizza,39.56986,2.65756,3.6,1969.0,"['meal_delivery', 'meal_takeaway', 'restaurant', 'food', 'point_of_interest', 'establishment']",Meal takeaway,"Avinguda de Gabriel Alomar, 11, Palma",Comida,PLACE_101,0.6486469614586537
Vegan and Raw,39.5755728,2.6486527,4.2,186.0,"['meal_takeaway', 'restaurant', 'food', 'point_of_interest', 'establishment']",Meal takeaway,"Plaça del Bisbe Berenguer de Palou, nº2, Bajos, Palma",Comida,PLACE_102,0.674109743467757
McDonald's,39.5728666,2.6574289,3.4,2236.0,"['meal_delivery', 'meal_takeaway', 'restaurant', 'food', 'point_of_interest', 'establishment']",Meal takeaway,"Carrer Nuredduna, 1, Bajos, Palma",Comida,PLACE_103,0.7330674319566081
Palma Pollo II,39.567533,2.659993,4.4,335.0,"['meal_takeaway', 'restaurant', 'food', 'point_of_interest', 'establishment']",Meal takeaway,"Carrer de Joan Alcover, 45, Palma",Comida,PLACE_104,0.8868607611228299
Jaipur Tandoori - Indian Restaurant Palma,39.5720445,2.639691500000001,4.7,2373.0,"['meal_takeaway', 'restaurant', 'food', 'point_of_interest', 'establishment']",Meal takeaway,"Carrer de la Fàbrica, 5, Palma",Comida,PLACE_105,0.9244396835654192
Sushi Chet,39.57256019999999,2.6622641,4.3,174.0,"['meal_takeaway', 'restaurant', 'food', 'point_of_interest', 'establishment']",Meal takeaway,"Carrer de Lluís Martí, 45, Palma",Comida,PLACE_106,1.1015217884447546
Mister hot dog,39.5779085,2.6428904,4.6,233.0,"['restaurant', 'meal_delivery', 'meal_takeaway', 'food', 'point_of_interest', 'establishment']",Meal takeaway,"Carrer de Goethe, 14, Palma",Comida,PLACE_107,1.1067266668339035
Il carpaccio Pizzeria Italiana,39.569454,2.663520999999999,3.7,269.0,"['meal_delivery', 'bar', 'meal_takeaway', 'restaurant', 'food', 'point_of_interest', 'establishment']",Meal takeaway,"Carrer General Ricardo Ortega, 49, Palma",Comida,PLACE_108,1.1590641627494875
VA DE BO pianobiobar,39.5773754,2.6403773,4.5,208.0,"['meal_takeaway', 'restaurant', 'food', 'point_of_interest', 'establishment']",Meal takeaway,"Carrer de Valldargent, 1, Palma",Comida,PLACE_109,1.1948800073989791
Restaurante y comidas para llevar Tastau,39.57983779999999,2.659153299999999,3.7,700.0,"['restaurant', 'cafe', 'meal_takeaway', 'bar', 'food', 'point_of_interest', 'establishment']",Meal takeaway,"Carrer de Jaume Balmes, 33, Palma",Comida,PLACE_110,1.3825334545097032
"""Asador-Parrilla Para Llevar "" Pollos Top",39.5791131,2.6632639,4.2,353.0,"['meal_takeaway', 'restaurant', 'food', 'point_of_interest', 'establishment']",Meal takeaway,"Carrer Aragó, 79, Palma",Comida,PLACE_111,1.55285228390565
Pizzeria Bellver,39.57273919999999,2.6314944,4.1,36.0,"['meal_takeaway', 'meal_delivery', 'bar', 'restaurant', 'food', 'point_of_interest', 'establishment']",Meal takeaway,"Carrer de Bartomeu Rosselló-Porcel, 2, Bajos 2, Palma",Comida,PLACE_112,1.6241216612283262
Merlin's kebap,39.5780627,2.666151,4.4,771.0,"['meal_takeaway', 'meal_delivery', 'restaurant', 'food', 'point_of_interest', 'establishment']",Meal takeaway,"Carrer Josep Darder, 17, Palma",Comida,PLACE_113,1.6738488417678172
Domino's Pizza,39.58672,2.653309,3.8,1834.0,"['meal_takeaway', 'meal_delivery', 'restaurant', 'food', 'point_of_interest', 'establishment']",Meal takeaway,"Carrer d'Alfons el Magnànim, 38, Palma",Comida,PLACE_114,1.924665349960406
Arrossería Paellas Palma,39.588264,2.653507,3.8,167.0,"['meal_takeaway', 'meal_delivery', 'restaurant', 'food', 'point_of_interest', 'establishment']",Meal takeaway,"Carrer San Francisco de Sales, 8, Palma",Comida,PLACE_115,2.09699353968122
L'Artista Pizzeria Napoletana,39.56191,2.626769,4.3,3230.0,"['cafe', 'meal_takeaway', 'bar', 'restaurant', 'store', 'food', 'point_of_interest', 'establishment']",Meal takeaway,"Avinguda de Gabriel Roca, 34, Palma",Comida,PLACE_116,2.1671760027004026
Asador Real,39.580724,2.677225,4.3,410.0,"['meal_takeaway', 'restaurant', 'food', 'point_of_interest', 'establishment']",Meal takeaway,"Carrer d'Indalecio Prieto, 45, Palma",Comida,PLACE_117,2.6409739662151472
Burger King,39.59485179999999,2.6481543,3.3,1634.0,"['meal_takeaway', 'restaurant', 'food', 'point_of_interest', 'establishment']",Meal takeaway,"Carrer del Bisbe Pere de Puigdorfila, 1, Palma",Comida,PLACE_118,2.8123237267861034
"Telepizza Palma de Mallorca, Alcover - Comida a Domicilio",39.5683645,2.6603112,3.2,485.0,"['meal_takeaway', 'meal_delivery', 'restaurant', 'food', 'point_of_interest', 'establishment']",Meal takeaway,"Carrer de Joan Alcover, 33, Palma",Comida,PLACE_119,0.8944433466829363
Viding AiguaBlava,39.5759252,2.625914400000001,3.8,763.0,"['gym', 'health', 'point_of_interest', 'establishment']",Gym,"Avinguda de Picasso, 42, Palma",Actividad,PLACE_120,2.1809193188451825
Estudio Pilates Palma,39.5726007,2.642783399999999,4.9,45.0,"['gym', 'health', 'point_of_interest', 'establishment']",Gym,"Avinguda de Jaume III, 26, Entresuelo 2º, Palma",Actividad,PLACE_121,0.7028100321121243
Narada Yoga & Ayurveda,39.5808222,2.6371464,5.0,10.0,"['gym', 'health', 'point_of_interest', 'establishment']",Gym,"Carrer de Jeroni Alemany, 24, Palma",Actividad,PLACE_122,1.6645646586525529
Basic-Fit,39.57607,2.645075400000001,3.8,1380.0,"['gym', 'health', 'point_of_interest', 'establishment']",Gym,"Avinguda de Portugal, 7, Palma",Actividad,PLACE_123,0.83411162213949
Gimnàs Grech,39.5803955,2.6466421,4.6,103.0,"['gym', 'health', 'point_of_interest', 'establishment']",Gym,"Carrer de Lluís Vives, 5, Palma",Actividad,PLACE_124,1.234422991950361
Richards Villot,39.5822864,2.6471184,,,"['gym', 'health', 'point_of_interest', 'establishment']",Gym,"Carrer del General Riera, 44, Palma",Actividad,PLACE_125,1.4321196461072423
Gym Atlanta Studio,39.5841,2.6515099,4.7,47.0,"['gym', 'health', 'point_of_interest', 'establishment']",Gym,"Carrer de Francesc Suau, 15, Palma",Actividad,PLACE_126,1.617511284367133
Club Taekwondo Yong,39.58364279999999,2.661618199999999,4.8,41.0,"['gym', 'health', 'point_of_interest', 'establishment']",Gym,"Carrer d'Eusebi Estada, 99, Palma",Actividad,PLACE_127,1.8519621673116493
Rocodrom Es Cau,39.5840837,2.6603085,4.6,244.0,"['gym', 'health', 'point_of_interest', 'establishment']",Gym,"Carrer de Jaume Ferran, 72, Palma",Actividad,PLACE_128,1.836933428323348
YOGUINI Yoga Iyengar,39.568116,2.6505184,4.9,61.0,"['gym', 'health', 'point_of_interest', 'establishment']",Gym,"Carrer d'En Morei, 8, Palma",Actividad,PLACE_129,0.170891338049483
Corpore Centre Pilates,39.57143800000001,2.6477638,4.6,17.0,"['gym', 'health', 'point_of_interest', 'establishment']",Gym,"Carrer Unió, 2A, 2ºA, Palma",Actividad,PLACE_130,0.2801930131596705
"Fisioholistik - Fisioterapia, Osteopatía y mucho más",39.57144559999999,2.647737799999999,5.0,9.0,"['physiotherapist', 'gym', 'health', 'point_of_interest', 'establishment']",Gym,"Carrer Unió, 2A, 2ºA, Palma",Actividad,PLACE_131,0.2823358580727559
Anua Pilates Estética,39.5728815,2.645150300000001,5.0,5.0,"['gym', 'health', 'point_of_interest', 'establishment']",Gym,"Carrer de Bonaire, 6, Palma",Actividad,PLACE_132,0.5531117590791556
PalmaBalance,39.5762431,2.6531689,5.0,17.0,"['gym', 'health', 'point_of_interest', 'establishment']",Gym,"Plaça d'Espanya, 4, 3º 1ª, Palma",Actividad,PLACE_133,0.7870310404881236
Pro Sport Palma,39.56589799999999,2.6579214,4.8,39.0,"['gym', 'health', 'point_of_interest', 'establishment']",Gym,"Carrer de Tomàs Forteza, 63, Palma",Actividad,PLACE_134,0.7940340828585899
Gimnasio VivaGym Nuredduna,39.5730265,2.6582119,4.3,819.0,"['gym', 'health', 'point_of_interest', 'establishment']",Gym,"Carrer Nuredduna, 5, Palma",Actividad,PLACE_135,0.8003700280402777
Herbalife Mallorca D.I.,39.56539129999999,2.6587649,1.5,2.0,"['gym', 'health', 'store', 'point_of_interest', 'establishment']",Gym,"Carrer de Joan Alcover, 64, Palma",Actividad,PLACE_136,0.8851377321259658
Vital Fit Gym & Tienda Fortí,39.575929,2.6432392,4.4,142.0,"['gym', 'health', 'store', 'food', 'point_of_interest', 'establishment']",Gym,"Plaça del Fortí, 2, Palma",Actividad,PLACE_137,0.9116237344429364
Imagim Palma Gimnasio,39.5753095,2.6586109,4.5,196.0,"['gym', 'health', 'point_of_interest', 'establishment']",Gym,"Carrer de Miquel Marquès, 3, Palma",Actividad,PLACE_138,0.9735377078996824
Core Group Developer,39.5719189,2.6382866,4.9,7.0,"['gym', 'general_contractor', 'health', 'point_of_interest', 'establishment']",Gym,"Carrer de la Pursiana, 23, Palma",Actividad,PLACE_139,1.036576792590009
Challenge Palma Club,39.57415779999999,2.639365,4.8,135.0,"['gym', 'health', 'point_of_interest', 'establishment']",Gym,"Carrer de la Indústria, 14, Palma",Actividad,PLACE_140,1.0429609454515474
CoriPilates,39.57905230000001,2.6537712,4.5,42.0,"['gym', 'health', 'point_of_interest', 'establishment']",Gym,"Carrer de l'Arxiduc Lluís Salvador, 19, Palma",Actividad,PLACE_141,1.099625475361483
Anytime Fitness Palma,39.5798779,2.6525582,4.4,293.0,"['gym', 'health', 'point_of_interest', 'establishment']",Gym,"Carrer del 31 de Desembre, 28, Palma",Actividad,PLACE_142,1.163693046298744
Gimnasio VivaGym Santa Catalina,39.57336799999999,2.636873999999999,3.8,314.0,"['gym', 'health', 'point_of_interest', 'establishment']",Gym,"Carrer de Caro, 23, Palma",Actividad,PLACE_143,1.2005454345991668
Fisiotur Clinic Fisioterapia & Readaptación,39.5802897,2.653325,4.8,32.0,"['gym', 'health', 'point_of_interest', 'establishment']",Gym,"Carrer de Pablo Iglesias, 11, baixos esquerra, Palma",Actividad,PLACE_144,1.2223254022723415
Lucky Bodies & Happy Souls,39.5738864,2.6357464,4.8,17.0,"['gym', 'health', 'point_of_interest', 'establishment']",Gym,"Carrer de Despuig, 30, Palma",Actividad,PLACE_145,1.3113878495190303
Mysore House Mallorca,39.5746374,2.6355046,4.8,40.0,"['gym', 'health', 'point_of_interest', 'establishment']",Gym,"Carrer de Villalonga, 41, Palma",Actividad,PLACE_146,1.3628529411968375
Centro de bienestar y nutrición. Distribuidor independiente Herbalife,39.581798,2.645755,,,"['gym', 'local_government_office', 'health', 'point_of_interest', 'establishment']",Gym,"Costa de les Germanetes, 6, Palma",Actividad,PLACE_147,1.404304458258267
Sensei Gym Muay Thai y tienda de artes marciales,39.58238860000001,2.6539996,5.0,34.0,"['gym', 'health', 'point_of_interest', 'store', 'establishment']",Gym,"Carrer d'Àngel Guimerà, 24, Palma",Actividad,PLACE_148,1.462760801866686
Palma Sport & Tennis Club,39.57159559999999,2.631943699999999,4.6,423.0,"['gym', 'restaurant', 'health', 'food', 'point_of_interest', 'establishment']",Gym,"Carrer Joan Maria Thomàs, 4, Palma",Actividad,PLACE_149,1.563495937857157
Isla Mallorca & Spa,39.5691681,2.6278384,4.3,2015.0,"['lodging', 'spa', 'point_of_interest', 'establishment']",Spa,"Carrer de Pilar Juncosa, 7, Palma",Actividad,PLACE_150,1.9001890804596648
Santa Clara Urban Hotel & Spa,39.5668394,2.6522388,4.5,232.0,"['bar', 'lodging', 'cafe', 'spa', 'food', 'point_of_interest', 'store', 'establishment']",Spa,"Carrer de Sant Alonso, 16, Palma",Actividad,PLACE_151,0.3620134271647586
Posada Terra Santa,39.56989000000001,2.653394999999999,4.8,358.0,"['bar', 'lodging', 'spa', 'restaurant', 'food', 'point_of_interest', 'establishment']",Spa,"Carrer de la Posada de Terra Santa, 5, Palma",Actividad,PLACE_152,0.2927822018706764
Hotel Cappuccino - Palma,39.56971739999999,2.6502664,4.4,1438.0,"['movie_theater', 'bar', 'lodging', 'spa', 'restaurant', 'food', 'point_of_interest', 'establishment']",Spa,"Plaça de Cort, Palma",Actividad,PLACE_153,0.0263025437702569
Centro Odontológico Integral,39.57428099999999,2.6403144,4.7,32.0,"['dentist', 'beauty_salon', 'spa', 'health', 'point_of_interest', 'establishment']",Spa,"Carrer Comte de Barcelona, 3, Bajos, Palma",Actividad,PLACE_154,0.9798507317664796
EDER BEAUTY,39.5755478,2.6528666,3.8,48.0,"['beauty_salon', 'hair_care', 'spa', 'point_of_interest', 'establishment']",Spa,"1º A, Plaça de la Porta Pintada, 3, Palma",Actividad,PLACE_155,0.7055296561032692
Dermativa by Depilitiva | Depilació làser a Palma,39.5776951,2.6264008,4.8,167.0,"['hair_care', 'beauty_salon', 'spa', 'health', 'point_of_interest', 'establishment']",Spa,"Avinguda de Picasso, 56, Palma",Actividad,PLACE_156,2.213929138008541
"Centro de Belleza Shena, Maite Arbona",39.57127029999999,2.6527362,4.6,137.0,"['beauty_salon', 'hair_care', 'spa', 'health', 'point_of_interest', 'store', 'establishment']",Spa,"Carrer d'en Rubí, 8, Palma",Actividad,PLACE_157,0.2991646556181676
MH Boutique,39.5651027,2.6281547,5.0,3.0,"['clothing_store', 'spa', 'point_of_interest', 'store', 'establishment']",Spa,"Avinguda de Gabriel Roca, nº27, 4º, Palma",Actividad,PLACE_158,1.938150676202809
NutriBell Centro Médico Estético,39.5786996,2.6485618,4.1,35.0,"['hair_care', 'beauty_salon', 'spa', 'health', 'point_of_interest', 'establishment']",Spa,"Carrer del General Riera, 1, Palma",Actividad,PLACE_159,1.0193102398308411
Alissi Bronte,39.5714759,2.6476863,3.4,5.0,"['beauty_salon', 'spa', 'health', 'point_of_interest', 'store', 'establishment']",Spa,"Carrer Unió, Nº2, Entresuelo 9, Palma",Actividad,PLACE_160,0.2878177920476777
The Nail Gallery,39.5699567,2.6476698,3.8,105.0,"['hair_care', 'beauty_salon', 'spa', 'point_of_interest', 'establishment']",Spa,"Carrer de Can Puigdorfila, 5, Bajos 10, Palma",Actividad,PLACE_161,0.2036321434412289
bemberg Sauna Showroom Mallorca,39.56958449999999,2.6504502,,,"['spa', 'health', 'point_of_interest', 'establishment']",Spa,"Plaça de Cort, 14, Palma",Actividad,PLACE_162,0.0386272587145054
Sanuk Mallorca,39.57210000000001,2.64939,4.9,323.0,"['spa', 'point_of_interest', 'establishment']",Spa,"Carrer de Can Campaner, 5, Palma",Actividad,PLACE_163,0.2828615839417123
️ Peluquería Equipo's | Extensiones de pelo en Mallorca | Haarverlängerungen,39.5714993,2.6460757,4.6,159.0,"['hair_care', 'beauty_salon', 'spa', 'health', 'point_of_interest', 'store', 'establishment']",Spa,"Carrer de Can Asprer, 3, Palma",Actividad,PLACE_164,0.3971702980197064
Puro SPA,39.56930450000001,2.6452908,5.0,2.0,"['spa', 'point_of_interest', 'establishment']",Spa,"Carrer de Montenegro, 9, Palma",Actividad,PLACE_165,0.4049839596645846
flawless,39.567018,2.6540307,,,"['spa', 'point_of_interest', 'establishment']",Spa,"Carrer dels Botons, 18, Palma",Actividad,PLACE_166,0.4492188411265567
Clínica Integral 3medic,39.571964,2.645597200000001,,,"['hospital', 'beauty_salon', 'spa', 'health', 'point_of_interest', 'establishment']",Spa,"Avinguda de Jaume III, 8, Palma",Actividad,PLACE_167,0.4599048173725215
INNOVA estética avanzada,39.5746486,2.6525592,4.6,70.0,"['beauty_salon', 'hair_care', 'spa', 'health', 'point_of_interest', 'establishment']",Spa,"Passatge Particular Joan XXIII, Palma",Actividad,PLACE_168,0.6027121105866028
Hands4You,39.5724014,2.6427571,4.8,196.0,"['beauty_salon', 'spa', 'point_of_interest', 'establishment']",Spa,"Avinguda de Jaume III, 27, Local 14 Entresuelo 1, Palma",Actividad,PLACE_169,0.6945785133759425
INNOVA estética avanzada,39.57425219999999,2.6443892,4.9,142.0,"['beauty_salon', 'hair_care', 'spa', 'health', 'point_of_interest', 'establishment']",Spa,"Passeig de Mallorca, 32, A, Palma",Actividad,PLACE_170,0.706312208226512
CLINIC ZURICH MALLORCA,39.5762522,2.6476174,4.9,1799.0,"['hair_care', 'beauty_salon', 'spa', 'doctor', 'health', 'point_of_interest', 'establishment']",Spa,"C/ Barón de Pinopar, 9, Palma",Actividad,PLACE_171,0.7673630480551435
Pearl of Asia,39.5757019,2.6571264,3.9,28.0,"['beauty_salon', 'spa', 'point_of_interest', 'establishment']",Spa,"Carrer del Bisbe Maura, 16, Palma",Actividad,PLACE_172,0.9129361893466166
Centro de Estética Avanzada Carmen Amengual,39.5780576,2.6525582,4.8,183.0,"['beauty_salon', 'hair_care', 'spa', 'health', 'point_of_interest', 'store', 'establishment']",Spa,"Carrer del 31 de Desembre, 6, Palma",Actividad,PLACE_173,0.9656642429350536
Clínica Dra. Marisol Galano,39.5781934,2.6467405,4.7,85.0,"['beauty_salon', 'spa', 'health', 'point_of_interest', 'establishment']",Spa,"Carrer de Jesús, 7, Bajos, Palma",Actividad,PLACE_174,0.9955445738558056
Soulmassage,39.5717398,2.6376451,4.8,64.0,"['spa', 'point_of_interest', 'establishment']",Spa,"Carrer d'Anníbal, 24, Bajo, Palma",Actividad,PLACE_175,1.085381781233556
"Thai Wellness ""Massage in Mallorca""",39.5729823,2.6376182,4.7,154.0,"['spa', 'health', 'point_of_interest', 'establishment']",Spa,"Carrer de Cotoner, 20, Palma",Actividad,PLACE_176,1.1259468182968122
4YOU CENTRO DE ESTÉTICA PALMA,39.5795762,2.6543801,4.3,103.0,"['beauty_salon', 'spa', 'point_of_interest', 'establishment']",Spa,"Plaça del Cardenal Reig, 7, Palma",Actividad,PLACE_177,1.1711050683857696
"Jorge Martín , Peluquería y Estética.",39.5820127,2.6481909,3.6,111.0,"['hair_care', 'beauty_salon', 'spa', 'health', 'point_of_interest', 'establishment']",Spa,"Carrer d'Ausiàs March, 27, Palma",Actividad,PLACE_178,1.3889111426380871
COS centro de quiromasaje,39.573379,2.6323429,4.9,46.0,"['beauty_salon', 'spa', 'health', 'point_of_interest', 'establishment']",Spa,"Carrer d'Avinyó, 16, Palma",Actividad,PLACE_179,1.570685081343719
Hotel Cappuccino - Palma,39.56971739999999,2.6502664,4.4,1438.0,"['movie_theater', 'spa', 'bar', 'lodging', 'restaurant', 'food', 'point_of_interest', 'establishment']",Movie theater,"Plaça de Cort, Palma",Actividad,PLACE_180,0.0263025437702569
Cineciutat,39.58482079999999,2.6495467,4.5,1001.0,"['movie_theater', 'point_of_interest', 'establishment']",Movie theater,"Carrer de l'Emperadriu Eugènia, 6, Palma",Actividad,PLACE_181,1.6929215780414173
Ocimax Palma Aficine,39.595122,2.6485207,4.2,7794.0,"['movie_theater', 'point_of_interest', 'establishment']",Movie theater,"Carrer del Bisbe Pere de Puigdorfila, 1, Palma",Actividad,PLACE_182,2.840747121052262
Asociación Xarxa Cinema,39.5846001,2.6499669,,,"['movie_theater', 'point_of_interest', 'establishment']",Movie theater,"Carrer de l'Emperadriu Eugènia, 6, Palma",Actividad,PLACE_183,1.6679374316415616
Augusta,39.57663399999999,2.6534844,4.1,2062.0,"['movie_theater', 'point_of_interest', 'establishment']",Movie theater,"Avinguda del Gran i General Consell, 2, Palma",Actividad,PLACE_184,0.8372230376394938
Rívoli Aficine,39.57890769999999,2.6498511,4.4,1947.0,"['movie_theater', 'point_of_interest', 'establishment']",Movie theater,"Carrer d'Antoni Marquès, 25, Palma",Actividad,PLACE_185,1.0350476994688544
Formación para la interpretación cinematográfica,39.56713750000001,2.6517687,,,"['movie_theater', 'point_of_interest', 'establishment']",Movie theater,"Carrer de Can Fonollar, Palma",Actividad,PLACE_186,0.3129864581143484
Novaproducciones,39.57359599999999,2.6433177,,,"['movie_theater', 'point_of_interest', 'establishment']",Movie theater,"Passeig de Mallorca, Palma",Actividad,PLACE_187,0.7249014214370569
THE HOLE´S,39.5748649,2.6580198,4.7,111.0,"['movie_theater', 'night_club', 'store', 'point_of_interest', 'establishment']",Movie theater,"Carrer de Margalida Caimari, Nº 4, Palma",Actividad,PLACE_188,0.902902142560184
Futbrawl5,39.57569469999999,2.6409221,,,"['movie_theater', 'point_of_interest', 'establishment']",Movie theater,"Carrer d'Alòs, Palma",Actividad,PLACE_189,1.0318327677521264
Alquiler Castillos Hinchables Mallorca,39.57847220000001,2.664384000000001,4.9,106.0,"['amusement_park', 'point_of_interest', 'establishment']",Amusement park,"calle Mediko, Carrer Josep Darder, 7, Palma",Actividad,PLACE_190,1.5789769432334897
Realidad Virtual Another World Palma,39.5952029,2.648476,5.0,669.0,"['amusement_park', 'point_of_interest', 'establishment']",Amusement park,"Ocimax, Carrer del Bisbe Pere de Puigdorfila, 1, Planta 0, local C7, Palma",Actividad,PLACE_191,2.849906838755196
Palacio Ca Sa Galesa,39.5671567,2.6500381,4.7,182.0,"['lodging', 'museum', 'point_of_interest', 'establishment']",Museum,"Carrer de Miramar, 8, Palma",Atracción,PLACE_192,0.2717021919529292
Castell de Bellver,39.5638434,2.619423099999999,4.5,22813.0,"['tourist_attraction', 'museum', 'point_of_interest', 'establishment']",Museum,"Carrer Camilo José Cela, s/n, Palma",Atracción,PLACE_193,2.698032057798001
Es Baluard Museu d'Art Contemporani de Palma,39.5702377,2.6411417,4.2,3877.0,"['museum', 'point_of_interest', 'establishment']",Museum,"Plaça de la Porta de Santa Catalina, 10, Palma",Atracción,PLACE_194,0.7625874344390147
Museum of Mallorca,39.5672221,2.650730499999999,4.2,474.0,"['tourist_attraction', 'museum', 'point_of_interest', 'establishment']",Museum,"Carrer de la Portella, 5, Palma",Atracción,PLACE_195,0.2717233787735146
Can' Sales,39.56757109999999,2.6503781,4.1,19.0,"['museum', 'point_of_interest', 'establishment']",Museum,"Carrer de la Puresa, 2, Palma",Atracción,PLACE_196,0.227919384631228
Museu de La Seu de Mallorca,39.5674046,2.6483082,4.7,4958.0,"['museum', 'tourist_attraction', 'point_of_interest', 'establishment']",Museum,"Plaça de la Seu, s/n, Palma",Atracción,PLACE_197,0.2839409950504044
Museu Diocesà,39.5669056,2.6490567,4.4,159.0,"['museum', 'tourist_attraction', 'point_of_interest', 'establishment']",Museum,"Carrer del Mirador, 5, Palma",Atracción,PLACE_198,0.3103225176461429
ABA ART,39.5711061,2.642582,4.7,59.0,"['art_gallery', 'tourist_attraction', 'museum', 'point_of_interest', 'establishment']",Museum,"Plaça de la Porta de Santa Catalina, 21B, Palma",Atracción,PLACE_199,0.657510512489945
Centre d'Historia i Cultura Militar de Balears,39.5756522,2.652009999999999,4.5,316.0,"['tourist_attraction', 'museum', 'point_of_interest', 'establishment']",Museum,"Carrer de Sant Miquel, 69, Palma",Atracción,PLACE_200,0.6946754786167224
Amics del Ferrocarril illes Balears,39.57619469999999,2.654234900000001,5.0,4.0,"['museum', 'point_of_interest', 'establishment']",Museum,"Plaça d'Espanya, 6, Palma",Atracción,PLACE_201,0.8182154082178558
Transilvania Cafeteria-Museu,39.58196979999999,2.6588922,4.6,650.0,"['cafe', 'museum', 'food', 'point_of_interest', 'establishment']",Museum,"Carrer de Jaume Ferran, 38, Palma",Atracción,PLACE_202,1.572488994316937
Poble Espanyol de Mallorca,39.57272940000001,2.627964,4.1,4083.0,"['museum', 'tourist_attraction', 'point_of_interest', 'establishment']",Museum,"Carrer del Poble Espanyol, 55, Palma",Atracción,PLACE_203,1.9205543999731491
Aula de la Mar,39.5621025,2.6707093,4.5,56.0,"['museum', 'tourist_attraction', 'point_of_interest', 'establishment']",Museum,"Carrer de Francesc Femenias, 1, Palma",Atracción,PLACE_204,1.961204611750244
Fundación Juan March,39.5722,2.652,4.6,1304.0,"['tourist_attraction', 'museum', 'point_of_interest', 'establishment']",Museum,"Carrer de Sant Miquel, 11, Palma",Atracción,PLACE_205,0.3361096905819062
Fundación Bartolomé March,39.5687345,2.6477982,4.5,220.0,"['tourist_attraction', 'museum', 'point_of_interest', 'establishment']",Museum,"Carrer del Palau Reial, 18, Palma",Atracción,PLACE_206,0.2118495167888467
Museu Krekovic,39.5675953,2.666048599999999,4.0,70.0,"['museum', 'tourist_attraction', 'point_of_interest', 'establishment']",Museum,"Carrer Ciutat de Querétaro, 3, Palma",Atracción,PLACE_207,1.3935656321397627
Perl Art,39.56960579999999,2.649779699999999,4.5,33.0,"['museum', 'point_of_interest', 'establishment']",Museum,"Plaça de Cort, 3, Palma",Atracción,PLACE_208,0.0188939707157068
Centre Maimó Ben Faraig,39.5685515,2.650193899999999,3.5,11.0,"['museum', 'tourist_attraction', 'point_of_interest', 'establishment']",Museum,"Carrer de l'Almudaina, 9, Palma",Atracción,PLACE_209,0.1177665721734668
Casa Museu Can Marquès,39.5683757,2.6500313,4.7,3.0,"['museum', 'point_of_interest', 'establishment']",Museum,"Carrer de Can Anglada, 2A, Palma",Atracción,PLACE_210,0.1361623826722414
Museu Pau Lluís Fornés,39.5679975,2.6504578,,,"['museum', 'point_of_interest', 'establishment']",Museum,"Carrer d'En Morei, 10, Palma",Atracción,PLACE_211,0.1824594747110758
Call Jueu (Jewish Quarter),39.5682129,2.6515244,3.9,35.0,"['museum', 'point_of_interest', 'establishment']",Museum,"Carrer del Call, 19, Palma",Atracción,PLACE_212,0.2021455454099271
Fantasy Museum,39.57156919999999,2.6512604,4.4,271.0,"['museum', 'point_of_interest', 'establishment']",Museum,"Plaça Major, 3, Palma",Atracción,PLACE_213,0.244165716171798
Arte Temporanea,39.569949,2.646942499999999,4.5,4.0,"['museum', 'point_of_interest', 'establishment']",Museum,"Passeig del Born, 6, Palma",Atracción,PLACE_214,0.2649298595084518
Kulturzentrum Palma,39.57169219999999,2.6476962,5.0,6.0,"['museum', 'point_of_interest', 'establishment']",Museum,"Carrer Unió, 3, Palma",Atracción,PLACE_215,0.3051481637073037
Museu Marítim de Mallorca,39.5666355,2.6486024,4.7,20.0,"['museum', 'point_of_interest', 'establishment']",Museum,"Plaça de Ses Voltes, Palma",Atracción,PLACE_216,0.3507309963167124
Caputxines 17 Palma,39.572957,2.6491566,4.0,1.0,"['museum', 'point_of_interest', 'establishment']",Museum,"Carrer de les Caputxines, 17, Palma",Atracción,PLACE_217,0.3802168268938197
Museo bíblico,39.5669011,2.65385,4.0,1.0,"['museum', 'point_of_interest', 'establishment']",Museum,"Carrer del Seminari, 4, 2n, Palma",Atracción,PLACE_218,0.44605811573121
Església de Sant Felip Neri,39.5728303,2.6533746,4.5,101.0,"['church', 'place_of_worship', 'museum', 'point_of_interest', 'establishment']",Museum,"Carrer de Sant Felip Neri, 1, Palma",Atracción,PLACE_219,0.4611756754850746
Dama misteriosa,39.57059700000001,2.644245,,,"['museum', 'point_of_interest', 'establishment']",Museum,"Carrer del Vi, 6, Palma",Atracción,PLACE_220,0.5055889790768091
Monument a Antoni Despuig,39.5740261,2.6480901,3.0,1.0,"['museum', 'point_of_interest', 'establishment']",Museum,"Plaça de Santa Magdalena, 4, Palma",Atracción,PLACE_221,0.518670876287603
Plaça dels Patins,39.5758672,2.6492755,4.2,53.0,"['park', 'point_of_interest', 'establishment']",Park,"Carrer de la Reina Esclaramunda, 15, Palma",Atracción,PLACE_222,0.699642062058592
Parc de Sa Riera,39.5833544,2.6411001,4.3,1818.0,"['park', 'tourist_attraction', 'point_of_interest', 'establishment']",Park,"Carrer de Jesús, 27A, Palma",Atracción,PLACE_223,1.7090795484891137
"Cocinas Domenech, actuales en puertas, armarios a medida, parqué, persiana mallorquina",39.5811627,2.6756172,4.4,13.0,"['park', 'furniture_store', 'home_goods_store', 'store', 'point_of_interest', 'establishment']",Park,"Carrer Mare de Déu de Montserrat, 55, Palma",Atracción,PLACE_224,2.5443408500326337
Jardí de Trames,39.567494,2.645970799999999,4.6,33.0,"['park', 'point_of_interest', 'establishment']",Park,"Avinguda d'Antoni Maura, 1, Palma",Atracción,PLACE_225,0.4172734205505634
Mallorca Fastenwandern,39.582808,2.6631798,5.0,5.0,"['park', 'point_of_interest', 'establishment']",Park,"Carrer Jordi Andreu Alcover, 16, Palma",Atracción,PLACE_226,1.852823888374102
Art Funerari,39.5834795,2.6336217,4.9,183.0,"['park', 'home_goods_store', 'store', 'point_of_interest', 'establishment']",Park,"Carrer dels Ocells, 36, bajos, Palma",Atracción,PLACE_227,2.0862170176062267
Parque de Convivencia Son Dameto Clavijo d'Alt,39.5860174,2.6248978,4.3,654.0,"['park', 'tourist_attraction', 'point_of_interest', 'establishment']",Park,"Carrer d'Andalusia, 14, Palma",Atracción,PLACE_228,2.8215202575280918
Parc de Sa Feixina,39.5707218,2.640263999999999,4.4,4712.0,"['park', 'tourist_attraction', 'point_of_interest', 'establishment']",Park,"Avinguda de l'Argentina, s/n, Palma",Atracción,PLACE_229,0.8437832574642872
Wifi Park,39.57086199999999,2.666287,3.6,800.0,"['park', 'point_of_interest', 'establishment']",Park,"Carrer de Manacor, 66, Palma",Atracción,PLACE_230,1.4030587014141829
Parc de ses Estacions,39.57804369999999,2.6571715,4.0,4357.0,"['park', 'point_of_interest', 'establishment']",Park,Palma,Atracción,PLACE_231,1.12220366417438
Buraco Mallorca,39.5696005,2.6501603,,,"['park', 'point_of_interest', 'establishment']",Park,Palma,Atracción,PLACE_232,0.0137401881526341
Raxa,39.5696005,2.6501603,5.0,1.0,"['park', 'point_of_interest', 'establishment']",Park,Palma,Atracción,PLACE_233,0.0137401881526341
Palma,39.5696005,2.6501603,,,"['park', 'point_of_interest', 'establishment']",Park,Palma,Atracción,PLACE_234,0.0137401881526341
Palma di Maiorca,39.5696005,2.6501603,4.8,50.0,"['park', 'point_of_interest', 'establishment']",Park,Palma,Atracción,PLACE_235,0.0137401881526341
Deutsch Drahthaar Hirsch,39.5696005,2.6501603,,,"['park', 'point_of_interest', 'establishment']",Park,Palma,Atracción,PLACE_236,0.0137401881526341
Árbol singular,39.5697159,2.649874,,,"['park', 'point_of_interest', 'establishment']",Park,"Plaça de Cort, Palma",Atracción,PLACE_237,0.0168145336116902
Plaza de la Pescateria,39.5699299,2.6504741,4.8,4.0,"['park', 'point_of_interest', 'establishment']",Park,"Plaça de la Pescateria, 1, Palma",Atracción,PLACE_238,0.0547452769407546
meet point,39.5690105,2.650803499999999,4.0,2.0,"['park', 'point_of_interest', 'establishment']",Park,"Plaça de Santa Eulàlia, 5, Palma",Atracción,PLACE_239,0.0950793949052467
Plaça de Santa Eulàlia,39.5687505,2.6507065,4.2,12.0,"['park', 'point_of_interest', 'establishment']",Park,"Plaça de Santa Eulàlia, 6, Palma",Atracción,PLACE_240,0.1122049978328635
Jardí de la Seu,39.56862059999999,2.647886499999999,4.8,20.0,"['park', 'point_of_interest', 'establishment']",Park,Palma,Atracción,PLACE_241,0.2113738032209458
Jardí del Bisbe,39.5676072,2.6497479,4.1,277.0,"['tourist_attraction', 'park', 'point_of_interest', 'establishment']",Park,"Carrer de Sant Pere Nolasc, 6, Palma",Atracción,PLACE_242,0.2226403929228959
latino,39.5720115,2.6510442,,,"['park', 'point_of_interest', 'establishment']",Park,"Plaça Major, 4, Palma",Atracción,PLACE_243,0.282689143304657
Jardins de la Plaça de la Reina,39.5689323,2.6468005,4.7,530.0,"['park', 'point_of_interest', 'establishment']",Park,"Avinguda d'Antoni Maura, 2, Palma",Atracción,PLACE_244,0.2841179262725709
Patio De L'ancien hotel Isabel II,39.56676900000001,2.6505291,4.3,3.0,"['park', 'point_of_interest', 'establishment']",Park,"Carrer de la Portella, 7, Palma",Atracción,PLACE_245,0.3180430617955402
L'Hort del Rei,39.568073,2.646487,4.5,2324.0,"['tourist_attraction', 'park', 'point_of_interest', 'establishment']",Park,"Avinguda d'Antoni Maura, 18, Palma",Atracción,PLACE_246,0.3456921079136641
Plazoleta,39.5664266,2.6504939,4.0,1.0,"['park', 'point_of_interest', 'establishment']",Park,"Carrer de la Portella, 13, Palma",Atracción,PLACE_247,0.3553965299774452
Park,39.5729614,2.6522933,4.0,1.0,"['park', 'point_of_interest', 'establishment']",Park,"Carrer de Sant Miquel, 30, Palma",Atracción,PLACE_248,0.4223058571247088
Plaça de Santa Magdalena,39.5736077,2.6492282,5.0,1.0,"['park', 'point_of_interest', 'establishment']",Park,"Plaça de Santa Magdalena, Palma",Atracción,PLACE_249,0.4505191969707244
Parc de la Mar,39.5655231,2.6500923,4.6,2094.0,"['park', 'point_of_interest', 'establishment']",Park,Palma,Atracción,PLACE_250,0.4533996302804691
Parking Palma,39.5707624,2.6552515,5.0,3.0,"['park', 'point_of_interest', 'establishment']",Park,"Plaça de Raimundo Clar, 6, Palma",Atracción,PLACE_251,0.4683170939453721
Castell de Bellver,39.5638434,2.619423099999999,4.5,22813.0,"['tourist_attraction', 'museum', 'point_of_interest', 'establishment']",Tourist attraction,"Carrer Camilo José Cela, s/n, Palma",Atracción,PLACE_252,2.698032057798001
Catedral-Basílica de Santa María de Mallorca,39.56742510000001,2.6482994,4.7,53933.0,"['tourist_attraction', 'church', 'place_of_worship', 'point_of_interest', 'establishment']",Tourist attraction,"Plaça de la Seu, s/n, Palma",Atracción,PLACE_253,0.2823722505659221
Train Sóller Station (Palma de Mallorca),39.5766774,2.6538486,4.4,10660.0,"['tourist_attraction', 'point_of_interest', 'establishment']",Tourist attraction,"Carrer d'Eusebi Estada, 1, Palma",Atracción,PLACE_254,0.8533078099902246
Museum of Mallorca,39.5672221,2.650730499999999,4.2,474.0,"['tourist_attraction', 'museum', 'point_of_interest', 'establishment']",Tourist attraction,"Carrer de la Portella, 5, Palma",Atracción,PLACE_255,0.2717233787735146
Ca´n Palou de Coma-sema,39.5684431,2.6500637,3.0,3.0,"['tourist_attraction', 'point_of_interest', 'establishment']",Tourist attraction,"Carrer de Can Anglada, 2, Palma",Atracción,PLACE_256,0.1287572326362308
Can Amorós,39.5686353,2.650865,4.4,17.0,"['tourist_attraction', 'point_of_interest', 'establishment']",Tourist attraction,"Carrer d'En Morei, 1, Palma",Atracción,PLACE_257,0.1303997649168149
Can Crespí (Can Ribera),39.5685046,2.6493739,5.0,1.0,"['tourist_attraction', 'point_of_interest', 'establishment']",Tourist attraction,"Carrer de Sant Roc, 1, Palma",Atracción,PLACE_258,0.1331016081757197
Ca'n March,39.5688315,2.6513735,4.8,6.0,"['tourist_attraction', 'point_of_interest', 'establishment']",Tourist attraction,"Carrer de Sant Francesc, 5, Palma",Atracción,PLACE_259,0.1454736731878825
Can Ferragut (Can Caulelles),39.5683329,2.6490891,,,"['tourist_attraction', 'point_of_interest', 'establishment']",Tourist attraction,"Carrer de l'Estudi General, 9, Palma",Atracción,PLACE_260,0.1610827292305062
Ca´n Ordines d´Almadrà,39.5682038,2.6505226,4.2,5.0,"['tourist_attraction', 'point_of_interest', 'establishment']",Tourist attraction,"Carrer d'En Morei, 8, Palma",Atracción,PLACE_261,0.1615836123278954
Ca´n Llorenç Villalonga,39.5681086,2.6496963,4.7,3.0,"['tourist_attraction', 'point_of_interest', 'establishment']",Tourist attraction,"Carrer de l'Estudi General, 15, Palma",Atracción,PLACE_262,0.16786683380457
Can Colom,39.56808189999999,2.6499399,4.7,3.0,"['tourist_attraction', 'point_of_interest', 'establishment']",Tourist attraction,"Carrer de Can Anglada, 4, Palma",Atracción,PLACE_263,0.1688836055965064
Can Alemany,39.56839289999999,2.6487328,3.8,4.0,"['tourist_attraction', 'point_of_interest', 'establishment']",Tourist attraction,"Carrer de l'Estudi General, 5, Palma",Atracción,PLACE_264,0.1726671340246938
Can Juny,39.56974280000001,2.6520457,4.5,4.0,"['tourist_attraction', 'point_of_interest', 'establishment']",Tourist attraction,"Carrer de Can Savellà, 13, Palma",Atracción,PLACE_265,0.1760639830595817
Ca'n Oleza,39.56796999999999,2.6505551,4.5,17.0,"['tourist_attraction', 'point_of_interest', 'establishment']",Tourist attraction,"Carrer d'En Morei, 9, Palma",Atracción,PLACE_266,0.1873890988302618
Can Catlar del Llorer,39.5697141,2.6522587,4.0,3.0,"['tourist_attraction', 'point_of_interest', 'establishment']",Tourist attraction,"Carrer de Can Savellà, 15, Palma",Atracción,PLACE_267,0.1940190360448515
Ca´n Ribas de Pina,39.569726,2.652258,4.7,3.0,"['tourist_attraction', 'point_of_interest', 'establishment']",Tourist attraction,"Carrer de Can Savellà, 15, Palma",Atracción,PLACE_268,0.1940501949126001
Can Coll (Can Moragues des Racó),39.5685251,2.6521348,5.0,4.0,"['tourist_attraction', 'point_of_interest', 'establishment']",Tourist attraction,"Plaça de Sant Francesc, 10, Palma",Atracción,PLACE_269,0.218562264938477
CaixaForum Palma,39.5716495,2.6500623,4.5,1897.0,"['tourist_attraction', 'point_of_interest', 'establishment']",Tourist attraction,"Plaça de Weyler, 3, Palma",Atracción,PLACE_270,0.2279565557093278
Cal Comte de la Cova,39.56813640000001,2.652033400000001,4.5,4.0,"['tourist_attraction', 'point_of_interest', 'establishment']",Tourist attraction,"Carrer del Sol, 3, Palma",Atracción,PLACE_271,0.2384625313725916
Can Dameto de la Quartera,39.5698713,2.653018700000001,4.8,5.0,"['tourist_attraction', 'point_of_interest', 'establishment']",Tourist attraction,"Carrer de la Samaritana, 4, Palma",Atracción,PLACE_272,0.260499288943982
Can Catlar (Cal Marquès del Palmer),39.5680524,2.652291,4.6,7.0,"['tourist_attraction', 'point_of_interest', 'establishment']",Tourist attraction,"Carrer del Sol, 7, Palma",Atracción,PLACE_273,0.2611060384929066
Basílica de Sant Francesc,39.5688236,2.652909299999999,4.6,979.0,"['tourist_attraction', 'church', 'place_of_worship', 'point_of_interest', 'establishment']",Tourist attraction,"Plaça de Sant Francesc, 7, Palma",Atracción,PLACE_274,0.2638924698660261
Can Dusai,39.56743189999999,2.651588099999999,4.3,9.0,"['tourist_attraction', 'point_of_interest', 'establishment']",Tourist attraction,"Carrer de Can Dusai, 3, Palma",Atracción,PLACE_275,0.2768584689412244
Museu de La Seu de Mallorca,39.5674046,2.6483082,4.7,4958.0,"['museum', 'tourist_attraction', 'point_of_interest', 'establishment']",Tourist attraction,"Plaça de la Seu, s/n, Palma",Atracción,PLACE_276,0.2839409950504044
Cal Marquès del Reguer (Casal Balaguer),39.57161,2.6477427,4.6,12.0,"['tourist_attraction', 'point_of_interest', 'establishment']",Tourist attraction,"Carrer Unió, 3, Palma",Atracción,PLACE_277,0.2956146123889463
Museu Diocesà,39.5669056,2.6490567,4.4,159.0,"['museum', 'tourist_attraction', 'point_of_interest', 'establishment']",Tourist attraction,"Carrer del Mirador, 5, Palma",Atracción,PLACE_278,0.3103225176461429
Can Espanya Serra,39.56680839999999,2.650469299999999,4.3,3.0,"['tourist_attraction', 'point_of_interest', 'establishment']",Tourist attraction,"Carrer de la Portella, 18, Palma",Atracción,PLACE_279,0.3130074281794195
Can Fontiroig,39.5667994,2.6505649,4.8,4.0,"['tourist_attraction', 'point_of_interest', 'establishment']",Tourist attraction,"Carrer de la Portella, 7, Palma",Atracción,PLACE_280,0.3151545165432016
Can Lladó,39.56726,2.652521699999999,4.7,3.0,"['tourist_attraction', 'point_of_interest', 'establishment']",Tourist attraction,"Carrer del Vent, 4, Palma",Atracción,PLACE_281,0.33826481738518
Catedral-Basílica de Santa María de Mallorca,39.56742510000001,2.6482994,4.7,53933.0,"['tourist_attraction', 'church', 'place_of_worship', 'point_of_interest', 'establishment']",Church,"Plaça de la Seu, s/n, Palma",Atracción,PLACE_282,0.2823722505659221
Franciscanas Hijas de la Misericordia,39.5764225,2.6734716,4.5,6.0,"['church', 'place_of_worship', 'point_of_interest', 'establishment']",Church,"Carrer de Francesc Julià, 54, Palma",Atracción,PLACE_283,2.150048363214629
Parròquia Santíssima Trinitat,39.5697353,2.6592915,4.5,90.0,"['church', 'place_of_worship', 'point_of_interest', 'establishment']",Church,"Carrer General Ricardo Ortega, 16, Palma",Atracción,PLACE_284,0.7965599846453362
Congregación Agustinas Hermanas del Amparo,39.5731997,2.645749899999999,4.8,5.0,"['church', 'place_of_worship', 'point_of_interest', 'establishment']",Church,"Carrer de la Concepció, 7, Palma",Atracción,PLACE_285,0.5412205399528848
Christian Bible Church International,39.5751318,2.6716809,4.6,10.0,"['church', 'place_of_worship', 'point_of_interest', 'establishment']",Church,"Son Gotleu, Carrer Sant Rafael, 70, Palma",Atracción,PLACE_286,1.957455739219966
Caputxins Catalunya Curia Provincial,39.5746687,2.6538396,5.0,3.0,"['church', 'place_of_worship', 'point_of_interest', 'establishment']",Church,"Carrer del Bastió d'En Sanoguera, 3, Palma",Atracción,PLACE_287,0.6526608288729232
Basílica de Sant Francesc,39.5688236,2.652909299999999,4.6,979.0,"['tourist_attraction', 'church', 'place_of_worship', 'point_of_interest', 'establishment']",Church,"Plaça de Sant Francesc, 7, Palma",Atracción,PLACE_288,0.2638924698660261
Església de Sant Gaietà,39.57099069999999,2.6458814,4.8,25.0,"['church', 'place_of_worship', 'point_of_interest', 'establishment']",Church,"Carrer de Sant Gaietà, 9, Palma",Atracción,PLACE_289,0.3854051959820518
Roman Catholic Diocese of Majorca,39.5669285,2.6538096,4.3,61.0,"['church', 'place_of_worship', 'point_of_interest', 'establishment']",Church,"Carrer del Seminari, 4, Palma",Atracción,PLACE_290,0.4414462560423091
Capella Adoració Perpètua Mallorca,39.5661066,2.6531656,4.7,57.0,"['church', 'place_of_worship', 'point_of_interest', 'establishment']",Church,"Carrer de la Calatrava, 10, Palma",Atracción,PLACE_291,0.4738359335411565
Nostra Senyora del Socors,39.56882649999999,2.6555296,4.7,89.0,"['church', 'place_of_worship', 'point_of_interest', 'establishment']",Church,"Carrer del Socors, 24, Palma",Atracción,PLACE_292,0.4817116107109032
Iglesia Ortodoxa de la Natividad del Señor,39.57513259999999,2.6523993,4.5,32.0,"['church', 'place_of_worship', 'point_of_interest', 'establishment']",Church,"Plaça de la Porta Pintada, 9, Palma",Atracción,PLACE_293,0.6486587608689817
Hermandad Ntra. Sra. del Rosario - Patrona de Bullas,39.5751062,2.6543548,,,"['church', 'place_of_worship', 'point_of_interest', 'establishment']",Church,"Plaça d'Espanya, 7, Palma",Atracción,PLACE_294,0.7170662780377076
Església,39.5737646,2.6395525,5.0,1.0,"['church', 'place_of_worship', 'point_of_interest', 'establishment']",Church,"Carrer de la Indústria, 7, Palma",Atracción,PLACE_295,1.0081300604154448
Salon del Reino de los Testigos Cristianos de Jehová,39.5707298,2.662245299999999,4.5,15.0,"['church', 'place_of_worship', 'point_of_interest', 'establishment']",Church,"Carrer del Pare Miquel Mir, 2, Palma",Atracción,PLACE_296,1.0570859719794188
Parròquia de la Concepció i Sant Magí,39.5709159,2.634890399999999,4.6,274.0,"['tourist_attraction', 'church', 'place_of_worship', 'point_of_interest', 'establishment']",Church,"Carrer d'Espartero, 9, Palma",Atracción,PLACE_297,1.3033429376510188
Parròquia de L'Encarnació,39.5800207,2.6570491,4.4,66.0,"['church', 'place_of_worship', 'point_of_interest', 'establishment']",Church,"Carrer de Joan Munar, 14, Palma",Atracción,PLACE_298,1.306778473333298
Iglesia Cristiana Evangélica Embajadores de Cristo,39.5761976,2.6642793,4.9,13.0,"['church', 'place_of_worship', 'point_of_interest', 'establishment']",Church,"Passatge de Can Feixina, 28, Palma",Atracción,PLACE_299,1.4269200617047335
Parròquia de Sant Josep Obrer,39.5757062,2.6685515,4.1,108.0,"['church', 'place_of_worship', 'point_of_interest', 'establishment']",Church,"Carrer Ferrer de Pallarès, 76, Palma",Atracción,PLACE_300,1.7289666816190206
Parròquia Santa Teresa de l'Infant Jesús,39.56927659999999,2.6265647,4.5,121.0,"['church', 'place_of_worship', 'point_of_interest', 'establishment']",Church,"Carrer de Pilar Juncosa, 13, Palma",Atracción,PLACE_301,2.0090776022817707
Iglesia Cristiana Evangélica de La Concordia,39.5860685,2.6611007,5.0,6.0,"['church', 'place_of_worship', 'point_of_interest', 'establishment']",Church,"Carrer de la Concòrdia, 34, Palma",Atracción,PLACE_302,2.063605786497717
Parròquia de la Mare de Déu de Montserrat,39.5808695,2.6754682,4.5,82.0,"['church', 'place_of_worship', 'point_of_interest', 'establishment']",Church,"Carrer Mare de Déu de Montserrat, 54, Palma",Atracción,PLACE_303,2.51694352191598
Parròquia de Sant Pius X,39.57399629999999,2.6615808,4.5,40.0,"['church', 'place_of_worship', 'point_of_interest', 'establishment']",Church,"Carrer Beatriu de Pinós, 36, Palma",Atracción,PLACE_304,1.1064597641214278
Iglesia Adventista del Séptimo Día en Palma de Mallorca,39.5849795,2.6756194,4.9,41.0,"['church', 'place_of_worship', 'point_of_interest', 'establishment']",Church,"Carrer de l'Heura, 8, Palma",Atracción,PLACE_305,2.7831083339814384
Església de Sant Nicolau,39.5707226,2.6483481,4.6,404.0,"['tourist_attraction', 'church', 'place_of_worship', 'point_of_interest', 'establishment']",Church,"Carrer d'Orfila, 2, Palma",Atracción,PLACE_306,0.1887588804318249
Parròquia del Sagrat Cor,39.5798308,2.662536299999999,4.5,92.0,"['church', 'place_of_worship', 'point_of_interest', 'establishment']",Church,"Carrer de Son Ventallol, 15, Palma",Atracción,PLACE_307,1.5648137296723583
Parròquia de Sant Sebastià,39.5769867,2.6412842,4.3,141.0,"['church', 'place_of_worship', 'point_of_interest', 'establishment']",Church,"Carrer Rafael Rodríguez Méndez, 9, Palma",Atracción,PLACE_308,1.1102685452051233
Iglesia Evangelica de Palma de Mallorca,39.5738308,2.639044,4.9,84.0,"['church', 'place_of_worship', 'point_of_interest', 'establishment']",Church,"Carrer Comte de Barcelona, 20, Palma",Atracción,PLACE_309,1.050311841606009
Convent Immaculada Concepció FRANCISCANAS TOR,39.57251459999999,2.6489352,4.6,14.0,"['church', 'place_of_worship', 'point_of_interest', 'establishment']",Church,"Carrer de Can Jaquotot, 1, Palma",Atracción,PLACE_310,0.3366945214070252
Parròquia del Beat Ramon Llull,39.5820306,2.6382385,4.3,37.0,"['church', 'place_of_worship', 'point_of_interest', 'establishment']",Church,"Carrer de Francesc Martí i Móra, 40, Palma",Atracción,PLACE_311,1.7107552017586043
Xavier Fiol,39.57379529999999,2.6479717,3.9,22.0,"['art_gallery', 'point_of_interest', 'establishment']",Art gallery,"Carrer de Sant Jaume, 23A, Palma",Atracción,PLACE_312,0.4978377300976164
Fundación López Fuseya,39.57323,2.651368799999999,4.8,16.0,"['art_gallery', 'point_of_interest', 'establishment']",Art gallery,"Carrer de les Tereses, 4, Palma",Atracción,PLACE_313,0.4203427806235226
Galeria Frank Krüger,39.57001359999999,2.649262799999999,4.4,75.0,"['art_gallery', 'point_of_interest', 'establishment']",Art gallery,"Costa d'en Brossa, 3, Palma",Atracción,PLACE_314,0.0781531588346106
Galería Pelaires,39.57007,2.648301,4.2,61.0,"['art_gallery', 'point_of_interest', 'establishment']",Art gallery,"Carrer de Can Verí, 3, Palma",Atracción,PLACE_315,0.1547224846344942
Galeria K,39.56951369999999,2.6479594,4.7,26.0,"['art_gallery', 'point_of_interest', 'establishment']",Art gallery,"Carrer de Tous i Maroto, 4, Palma",Atracción,PLACE_316,0.1751726838982778
Neco Beth pintor,39.5678358,2.6514532,5.0,2.0,"['art_gallery', 'point_of_interest', 'establishment']",Art gallery,"Carrer de Santa Clara, 7, A, Palma",Atracción,PLACE_317,0.2323756945908042
6A GALERIA D'ART I TALLER,39.56746119999999,2.6508375,4.6,19.0,"['art_gallery', 'point_of_interest', 'establishment']",Art gallery,"Carrer de la Puresa, 8, i, 3A, Palma",Atracción,PLACE_318,0.2484220625290132
PEP LLABRÉS ART CONTEMPORANI,39.5732237,2.6478285,4.6,10.0,"['art_gallery', 'point_of_interest', 'establishment']",Art gallery,"Carrer de Sant Jaume, 17, Palma",Atracción,PLACE_319,0.4438475944029714
Kewenig,39.5707278,2.6447873,5.0,6.0,"['art_gallery', 'point_of_interest', 'establishment']",Art gallery,"Oratori, Carreró de Sant Feliu, s/n, Palma",Atracción,PLACE_320,0.4640671504679213
MA Arte Contemporáneo,39.56753,2.654729999999999,4.6,17.0,"['art_gallery', 'point_of_interest', 'establishment']",Art gallery,"Carrer del Temple, 11B, Palma",Atracción,PLACE_321,0.4662176367640328
Lay Low Fine Art Limited Editions,39.5732308,2.6545709,,,"['art_gallery', 'point_of_interest', 'establishment']",Art gallery,"Carrer de les Caputxines, 4, Palma",Atracción,PLACE_322,0.5625738133349547
ABA ART,39.5711061,2.642582,4.7,59.0,"['art_gallery', 'tourist_attraction', 'museum', 'point_of_interest', 'establishment']",Art gallery,"Plaça de la Porta de Santa Catalina, 21B, Palma",Atracción,PLACE_323,0.657510512489945
Galería Arte Jaime III,39.57234,2.642993,4.4,28.0,"['art_gallery', 'point_of_interest', 'establishment']",Art gallery,"Avinguda de Jaume III, 25, Palma",Atracción,PLACE_324,0.6734511017032141
Portalart antigüedades,39.57274509999999,2.6425734,5.0,6.0,"['art_gallery', 'jewelry_store', 'book_store', 'furniture_store', 'home_goods_store', 'point_of_interest', 'store', 'establishment']",Art gallery,"Passatge Galerias Jaime III, 7, Palma",Atracción,PLACE_325,0.7262957290859471
L21 HOME,39.57757730000001,2.6541013,4.5,20.0,"['art_gallery', 'point_of_interest', 'establishment']",Art gallery,"Carrer de la Reina Maria Cristina, 10, Palma",Atracción,PLACE_326,0.9541483724499464
Wallpapers Deco,39.5762864,2.6574188,4.8,40.0,"['art_gallery', 'home_goods_store', 'general_contractor', 'point_of_interest', 'store', 'establishment']",Art gallery,"Carrer de Miquel Marquès, 15, Palma",Atracción,PLACE_327,0.9783218293676552
NOH-gallery,39.5629615,2.6717137,,,"['art_gallery', 'point_of_interest', 'establishment']",Art gallery,"Carrer de Medellín, 4, Palma",Atracción,PLACE_328,2.002306376621012
Marcos y molduras La Casa Enmarcada de Sampol. Tienda de arte,39.58801560000001,2.6525736,4.2,26.0,"['art_gallery', 'point_of_interest', 'store', 'establishment']",Art gallery,"Carrer de Miquel Arcas, 6, Palma",Atracción,PLACE_329,2.059565957789941
Ponce,39.58083859999999,2.6312831,5.0,1.0,"['art_gallery', 'point_of_interest', 'establishment']",Art gallery,"Carrer de Martí Boneo, 21, Palma",Atracción,PLACE_330,2.03349362151126
iGallery galería de arte contemporáneo,39.5768377,2.6516763,5.0,2.0,"['art_gallery', 'point_of_interest', 'establishment']",Art gallery,"Carrer de Cecili Metel, 6, Palma",Atracción,PLACE_331,0.8175198258649459
Rialto Living,39.5700013,2.6456767,4.6,1033.0,"['department_store', 'art_gallery', 'cafe', 'furniture_store', 'restaurant', 'food', 'home_goods_store', 'general_contractor', 'point_of_interest', 'store', 'establishment']",Art gallery,"Carrer de Sant Feliu, 3, Palma",Atracción,PLACE_332,0.3732465062719766
Casal Solleric,39.5709052,2.646555900000001,4.4,458.0,"['art_gallery', 'tourist_attraction', 'point_of_interest', 'establishment']",Art gallery,"Passeig del Born, 27, Palma",Atracción,PLACE_333,0.3289538070583203
GERHARDT BRAUN GALLERY,39.5710261,2.6438939,4.5,22.0,"['art_gallery', 'point_of_interest', 'establishment']",Art gallery,"Carrer de Can Sales, 10, Palma",Atracción,PLACE_334,0.5468729894048692
Gabriel Vanrell - Galeria d'Art,39.5691779,2.6477586,4.5,13.0,"['art_gallery', 'point_of_interest', 'establishment']",Art gallery,"Carrer de Tous i Maroto, 1, Palma",Atracción,PLACE_335,0.197771726179612
Galería Altair / Altair Projects,39.5762631,2.641203599999999,4.0,2.0,"['art_gallery', 'point_of_interest', 'establishment']",Art gallery,"Carrer de Damas Calvet, 6, b, Palma",Atracción,PLACE_336,1.0570573741369642
"Galería, estudio y escuela de pintura de M. Forteza Villar",39.5746899,2.6500895,5.0,3.0,"['art_gallery', 'point_of_interest', 'establishment']",Art gallery,"Carrer de Sant Elies, 7a, bajos, Palma",Atracción,PLACE_337,0.5660230425091829
P Gallery,39.5695918,2.649757699999999,5.0,1.0,"['art_gallery', 'point_of_interest', 'establishment']",Art gallery,"Plaça de Cort, 3, Palma",Atracción,PLACE_338,0.0207886926124139
Casa del Arte Palma de Mallorca,39.570116,2.6494266,4.8,10.0,"['art_gallery', 'point_of_interest', 'establishment']",Art gallery,"Costa d'en Brossa, 4c, Palma",Atracción,PLACE_339,0.0755490760929922
Galerie Mensing Palma S.L.U.,39.56999799999999,2.6507456,4.5,48.0,"['art_gallery', 'point_of_interest', 'establishment']",Art gallery,"Carrer de Colom, 8, Palma",Atracción,PLACE_340,0.0777359859033873
THE CAVE MALLORCA,39.57028029999999,2.649077300000001,5.0,7.0,"['art_gallery', 'clothing_store', 'point_of_interest', 'store', 'establishment']",Art gallery,"Pas d'en Quint, 6, Palma",Atracción,PLACE_341,0.1094409118352097
